06472,PANTALON OMBU BEIGE C/REFLECTIVO T 50,3
06471,PANTALON OMBU BEIGE C/REFLECTIVO T 48,6
06470,PANTALON OMBU BEIGE C/REFLECTIVO T 46,7
06469,PANTALON OMBU BEIGE C/REFLECTIVO T 44,8
06468,PANTALON OMBU BEIGE C/REFLECTIVO T 42,6
06462,PANTALON OMBU AZUL C/REFLECTIVO T 50,4
06461,PANTALON OMBU AZUL C/REFLECTIVO T 48,2
06460,PANTALON OMBU AZUL C/REFLECTIVO T 46,2
06484,PANTALON OMBU AZULINO C/REFLECTIVO T 52,1
06482,PANTALON OMBU AZULINO C/REFLECTIVO T 48,2
06480,PANTALON OMBU AZULINO C/REFLECTIVO T 46,1
06479,PANTALON OMBU AZULINO C/REFLECTIVO T 44,1
04951,PANTALON OMBU NEGRO T.48,1
04950,PANTALON OMBU NEGRO T.46,2
04949,PANTALON OMBU NEGRO T.44,4
04948,PANTALON OMBU NEGRO T.42,1
06523,CHOMBA PIQUE BEIGE T XXXL,1
06522,CHOMBA PIQUE BEIGE T XXL,10
06521,CHOMBA PIQUE BEIGE T XL,8
06519,CHOMBA PIQUE BEIGE T M,4
06520,CHOMBA PIQUE BEIGE T L,5
03443,CHOMBA PIQUE AZUL MARINO T.XXXL,2
03442,CHOMBA PIQUE AZUL MARINO T.XXL,2
03107,CHOMBA PIQUE AZUL MARINO T.XL,3
03106,CHOMBA PIQUE AZUL MARINO T.L,2
03469,CHOMBA PIQUE NEGRA T.XXL,1
03468,CHOMBA PIQUE NEGRA T.XL,1
03467,CHOMBA PIQUE NEGRA T.L,3
06497,ZAPATILLA OMBU SNEAKER PRO C/PUNT COMP.,1
06496,ZAPATILLA OMBU SNEAKER PRO C/PUNT COMP.,4
06495,ZAPATILLA OMBU SNEAKER PRO C/PUNT COMP.,9
06494,ZAPATILLA OMBU SNEAKER PRO C/PUNT COMP.,9
06493,ZAPATILLA OMBU SNEAKER PRO C/PUNT COMP.,15
06492,ZAPATILLA OMBU SNEAKER PRO C/PUNT COMP.,7
06491,ZAPATILLA OMBU SNEAKER PRO C/PUNT COMP.,1
0137,BORDADO EN CHOMBAS,42
