2718,CAMISA OMBU AZUL T.42,0
3055,CAMISA OMBU AZUL T.44,14
3056,CAMISA OMBU AZUL T.46,68
3057,CAMISA OMBU AZUL T.48,52
3478,CAMISA OMBU AZUL T.50,20
3927,CAMISA OMBU AZUL T.52,6
4208,CAMISA OMBU AZUL T.54,4
5042,CAMISA OMBU AZUL T.56,4
6064,CAMISA GRAFA 70 AZUL T.60,4
3223,PANTALON OMBU AZUL T.42,8
3224,PANTALON OMBU AZUL T.44,8
3225,PANTALON OMBU AZUL T.46,62
3212,PANTALON OMBU AZUL T.48,50
3371,PANTALON OMBU AZUL T.50,36
3454,PANTALON OMBU AZUL T.52,8
1042,PANTALON OMBU AZUL T.54,10
3928,PANTALON OMBU AZUL T.60,2
